keyword,avg monthly searches,competition
masaz kobido fraza 0,1200,MEDIUM
masaz kobido fraza 1,1190,MEDIUM
masaz kobido fraza 2,1180,MEDIUM
masaz kobido fraza 3,1170,MEDIUM
masaz kobido fraza 4,1160,MEDIUM
masaz kobido fraza 5,1150,MEDIUM
masaz kobido fraza 6,1140,MEDIUM
masaz kobido fraza 7,1130,MEDIUM
masaz kobido fraza 8,1120,MEDIUM
masaz kobido fraza 9,1110,MEDIUM
masaz kobido fraza 10,1100,MEDIUM
masaz kobido fraza 11,1090,MEDIUM
masaz kobido fraza 12,1080,MEDIUM
masaz kobido fraza 13,1070,MEDIUM
masaz kobido fraza 14,1060,MEDIUM
masaz kobido fraza 15,1050,MEDIUM
masaz kobido fraza 16,1040,MEDIUM
masaz kobido fraza 17,1030,MEDIUM
masaz kobido fraza 18,1020,MEDIUM
masaz kobido fraza 19,1010,MEDIUM
masaz kobido fraza 20,1000,MEDIUM
masaz kobido fraza 21,990,MEDIUM
masaz kobido fraza 22,980,MEDIUM
masaz kobido fraza 23,970,MEDIUM
masaz kobido fraza 24,960,MEDIUM
masaz kobido fraza 25,950,MEDIUM
masaz kobido fraza 26,940,MEDIUM
masaz kobido fraza 27,930,MEDIUM
masaz kobido fraza 28,920,MEDIUM
masaz kobido fraza 29,910,MEDIUM
masaz kobido fraza 30,900,MEDIUM
masaz kobido fraza 31,890,MEDIUM
masaz kobido fraza 32,880,MEDIUM
masaz kobido fraza 33,870,MEDIUM
masaz kobido fraza 34,860,MEDIUM
masaz kobido fraza 35,850,MEDIUM
masaz kobido fraza 36,840,MEDIUM
masaz kobido fraza 37,830,MEDIUM
masaz kobido fraza 38,820,MEDIUM
masaz kobido fraza 39,810,MEDIUM
masaz kobido fraza 40,800,MEDIUM
masaz kobido fraza 41,790,MEDIUM
masaz kobido fraza 42,780,MEDIUM
masaz kobido fraza 43,770,MEDIUM
masaz kobido fraza 44,760,MEDIUM
masaz kobido fraza 45,750,MEDIUM
masaz kobido fraza 46,740,MEDIUM
masaz kobido fraza 47,730,MEDIUM
masaz kobido fraza 48,720,MEDIUM
masaz kobido fraza 49,710,MEDIUM
masaz kobido fraza 50,700,MEDIUM
masaz kobido fraza 51,690,MEDIUM
masaz kobido fraza 52,680,MEDIUM
masaz kobido fraza 53,670,MEDIUM
masaz kobido fraza 54,660,MEDIUM
masaz kobido fraza 55,650,MEDIUM
masaz kobido fraza 56,640,MEDIUM
masaz kobido fraza 57,630,MEDIUM
masaz kobido fraza 58,620,MEDIUM
masaz kobido fraza 59,610,MEDIUM
